{
    "loss": 10.307573318481445,
    "accuracy": 0.5179855823516846
}