{
    "loss": 24.72040367126465,
    "accuracy": 0.48201438784599304
}